,datetimeUtc,topicName,topicPartition,currentOffset
0,2021-09-12 11:58:50.693000,developer.exception-handling,10,129
1,2021-09-12 11:58:50.693000,developer.exception-handling,11,137
2,2021-09-12 11:58:50.693000,developer.exception-handling,12,133
3,2021-09-12 11:58:50.693000,developer.exception-handling,13,135
4,2021-09-12 11:58:50.693000,developer.exception-handling,14,114
5,2021-09-12 11:58:50.693000,developer.exception-handling,15,140
6,2021-09-12 11:58:50.693000,developer.exception-handling,16,174
7,2021-09-12 11:58:50.693000,developer.exception-handling,17,124
8,2021-09-12 11:58:50.693000,developer.exception-handling,18,111
9,2021-09-12 11:58:50.693000,developer.exception-handling,19,140
10,2021-09-12 11:58:50.693000,developer.exception-handling,20,188
11,2021-09-12 11:58:50.693000,developer.exception-handling,21,195
12,2021-09-12 11:58:50.693000,developer.exception-handling,22,140
13,2021-09-12 11:58:50.693000,developer.exception-handling,23,198
14,2021-09-12 11:58:50.693000,developer.exception-handling,24,164
15,2021-09-12 11:58:50.693000,developer.exception-handling,25,192
16,2021-09-12 11:58:50.693000,developer.exception-handling,26,199
17,2021-09-12 11:58:50.693000,developer.exception-handling,27,170
18,2021-09-12 11:58:50.693000,developer.exception-handling,28,167
19,2021-09-12 11:58:50.693000,developer.exception-handling,29,114
20,2021-09-12 11:58:50.693000,developer.exception-handling,30,120
21,2021-09-12 11:58:50.693000,developer.exception-handling,31,107
22,2021-09-12 11:58:50.693000,developer.exception-handling,32,186
23,2021-09-12 11:58:50.693000,developer.exception-handling,33,114
24,2021-09-12 11:58:50.693000,developer.exception-handling,34,182
25,2021-09-12 11:58:50.693000,developer.exception-handling,35,192
26,2021-09-12 11:58:50.693000,developer.exception-handling,36,139
27,2021-09-12 11:58:50.693000,developer.exception-handling,37,104
28,2021-09-12 11:58:50.693000,developer.exception-handling,38,129
29,2021-09-12 11:58:50.693000,developer.exception-handling,39,159
30,2021-08-11 17:49:55.616000,developer.exception-handling,10,190
31,2021-08-11 17:49:55.616000,developer.exception-handling,11,140
32,2021-08-11 17:49:55.616000,developer.exception-handling,12,144
33,2021-08-11 17:49:55.616000,developer.exception-handling,13,141
34,2021-08-11 17:49:55.616000,developer.exception-handling,14,121
35,2021-08-11 17:49:55.616000,developer.exception-handling,15,145
36,2021-08-11 17:49:55.616000,developer.exception-handling,16,162
37,2021-08-11 17:49:55.616000,developer.exception-handling,17,107
38,2021-08-11 17:49:55.616000,developer.exception-handling,18,110
39,2021-08-11 17:49:55.616000,developer.exception-handling,19,118
40,2021-08-11 17:49:55.616000,developer.exception-handling,20,121
41,2021-08-11 17:49:55.616000,developer.exception-handling,21,100
42,2021-08-11 17:49:55.616000,developer.exception-handling,22,154
43,2021-08-11 17:49:55.616000,developer.exception-handling,23,126
44,2021-08-11 17:49:55.616000,developer.exception-handling,24,194
45,2021-08-11 17:49:55.616000,developer.exception-handling,25,149
46,2021-08-11 17:49:55.616000,developer.exception-handling,26,108
47,2021-08-11 17:49:55.616000,developer.exception-handling,27,141
48,2021-08-11 17:49:55.616000,developer.exception-handling,28,171
49,2021-08-11 17:49:55.616000,developer.exception-handling,29,143
50,2021-08-11 17:49:55.616000,developer.exception-handling,30,183
51,2021-08-11 17:49:55.616000,developer.exception-handling,31,187
52,2021-08-11 17:49:55.616000,developer.exception-handling,32,194
53,2021-08-11 17:49:55.616000,developer.exception-handling,33,199
54,2021-08-11 17:49:55.616000,developer.exception-handling,34,135
55,2021-08-11 17:49:55.616000,developer.exception-handling,35,168
56,2021-10-23 04:41:47.474000,developer.exception-handling,10,151
57,2021-10-23 04:41:47.474000,developer.exception-handling,11,115
58,2021-10-23 04:41:47.474000,developer.exception-handling,12,193
59,2021-10-23 04:41:47.474000,developer.exception-handling,13,182
60,2021-10-23 04:41:47.474000,developer.exception-handling,14,177
61,2021-10-23 04:41:47.474000,developer.exception-handling,15,155
62,2021-10-23 04:41:47.474000,developer.exception-handling,16,190
63,2021-10-23 04:41:47.474000,developer.exception-handling,17,146
64,2021-08-04 14:50:03.688000,developer.exception-handling,10,183
65,2021-08-04 14:50:03.688000,developer.exception-handling,11,190
66,2021-08-04 14:50:03.688000,developer.exception-handling,12,126
67,2021-08-04 14:50:03.688000,developer.exception-handling,13,138
68,2021-08-04 14:50:03.688000,developer.exception-handling,14,138
69,2021-08-04 14:50:03.688000,developer.exception-handling,15,188
70,2021-08-04 14:50:03.688000,developer.exception-handling,16,190
71,2021-08-04 14:50:03.688000,developer.exception-handling,17,154
72,2021-08-04 14:50:03.688000,developer.exception-handling,18,193
73,2021-08-04 14:50:03.688000,developer.exception-handling,19,156
74,2021-08-04 14:50:03.688000,developer.exception-handling,20,182
75,2021-08-04 14:50:03.688000,developer.exception-handling,21,134
76,2021-08-04 14:50:03.688000,developer.exception-handling,22,107
77,2021-08-04 14:50:03.688000,developer.exception-handling,23,197
78,2021-08-04 14:50:03.688000,developer.exception-handling,24,172
79,2021-08-04 14:50:03.688000,developer.exception-handling,25,154
80,2021-08-04 14:50:03.688000,developer.exception-handling,26,143
81,2021-08-04 14:50:03.688000,developer.exception-handling,27,196
82,2021-08-04 14:50:03.688000,developer.exception-handling,28,111
83,2021-08-04 14:50:03.688000,developer.exception-handling,29,145
84,2021-08-04 14:50:03.688000,developer.exception-handling,30,173
85,2021-07-21 17:06:24.035000,developer.exception-handling,10,145
86,2021-07-21 17:06:24.035000,developer.exception-handling,11,127
87,2021-07-21 17:06:24.035000,developer.exception-handling,12,151
88,2021-07-21 17:06:24.035000,developer.exception-handling,13,176
89,2021-07-21 17:06:24.035000,developer.exception-handling,14,110
90,2021-07-21 17:06:24.035000,developer.exception-handling,15,128
91,2021-07-21 17:06:24.035000,developer.exception-handling,16,183
92,2021-07-21 17:06:24.035000,developer.exception-handling,17,158
93,2021-07-21 17:06:24.035000,developer.exception-handling,18,154
94,2021-07-21 17:06:24.035000,developer.exception-handling,19,121
95,2021-07-21 17:06:24.035000,developer.exception-handling,20,113
96,2021-07-21 17:06:24.035000,developer.exception-handling,21,105
97,2021-07-21 17:06:24.035000,developer.exception-handling,22,141
98,2021-07-21 17:06:24.035000,developer.exception-handling,23,177
99,2021-07-21 17:06:24.035000,developer.exception-handling,24,147
100,2021-07-21 17:06:24.035000,developer.exception-handling,25,146
101,2021-07-21 17:06:24.035000,developer.exception-handling,26,130
102,2021-07-21 17:06:24.035000,developer.exception-handling,27,155
103,2021-07-21 17:06:24.035000,developer.exception-handling,28,145
104,2021-07-21 17:06:24.035000,developer.exception-handling,29,166
105,2021-07-21 17:06:24.035000,developer.exception-handling,30,148
106,2021-07-21 17:06:24.035000,developer.exception-handling,31,108
107,2021-07-21 17:06:24.035000,developer.exception-handling,32,158
108,2021-08-23 17:57:34.217000,developer.exception-handling,10,104
109,2021-08-23 17:57:34.217000,developer.exception-handling,11,111
110,2021-08-23 17:57:34.217000,developer.exception-handling,12,144
111,2021-08-23 17:57:34.217000,developer.exception-handling,13,151
112,2021-08-23 17:57:34.217000,developer.exception-handling,14,155
113,2021-08-23 17:57:34.217000,developer.exception-handling,15,142
114,2021-08-23 17:57:34.217000,developer.exception-handling,16,154
115,2021-08-23 17:57:34.217000,developer.exception-handling,17,159
116,2021-08-23 17:57:34.217000,developer.exception-handling,18,166
117,2021-08-23 17:57:34.217000,developer.exception-handling,19,117
118,2021-08-23 17:57:34.217000,developer.exception-handling,20,173
119,2021-08-23 17:57:34.217000,developer.exception-handling,21,159
120,2021-08-23 17:57:34.217000,developer.exception-handling,22,140
121,2021-08-15 12:00:26.046000,developer.exception-handling,10,141
122,2021-08-15 12:00:26.046000,developer.exception-handling,11,122
123,2021-08-15 12:00:26.046000,developer.exception-handling,12,198
124,2021-08-15 12:00:26.046000,developer.exception-handling,13,116
125,2021-08-15 12:00:26.046000,developer.exception-handling,14,133
126,2021-08-15 12:00:26.046000,developer.exception-handling,15,196
127,2021-08-15 12:00:26.046000,developer.exception-handling,16,192
128,2021-08-15 12:00:26.046000,developer.exception-handling,17,179
129,2021-08-15 12:00:26.046000,developer.exception-handling,18,193
130,2021-08-15 12:00:26.046000,developer.exception-handling,19,175
131,2021-08-15 12:00:26.046000,developer.exception-handling,20,105
132,2021-08-15 12:00:26.046000,developer.exception-handling,21,190
133,2021-08-15 12:00:26.046000,developer.exception-handling,22,198
134,2021-08-15 12:00:26.046000,developer.exception-handling,23,152
135,2021-08-15 12:00:26.046000,developer.exception-handling,24,160
136,2021-08-15 12:00:26.046000,developer.exception-handling,25,191
137,2021-08-15 12:00:26.046000,developer.exception-handling,26,184
138,2021-08-15 12:00:26.046000,developer.exception-handling,27,155
139,2021-08-15 12:00:26.046000,developer.exception-handling,28,157
140,2021-08-15 12:00:26.046000,developer.exception-handling,29,119
141,2021-08-15 12:00:26.046000,developer.exception-handling,30,124
142,2021-08-15 12:00:26.046000,developer.exception-handling,31,140
143,2021-08-15 12:00:26.046000,developer.exception-handling,32,130
144,2021-08-15 12:00:26.046000,developer.exception-handling,33,146
145,2021-08-15 12:00:26.046000,developer.exception-handling,34,188
146,2021-08-15 12:00:26.046000,developer.exception-handling,35,110
147,2021-08-15 12:00:26.046000,developer.exception-handling,36,125
148,2021-08-15 12:00:26.046000,developer.exception-handling,37,133
149,2021-08-11 18:15:50.908000,developer.exception-handling,10,102
150,2021-08-11 18:15:50.908000,developer.exception-handling,11,100
151,2021-08-11 18:15:50.908000,developer.exception-handling,12,174
152,2021-08-11 18:15:50.908000,developer.exception-handling,13,162
153,2021-08-11 18:15:50.908000,developer.exception-handling,14,121
154,2021-08-11 18:15:50.908000,developer.exception-handling,15,111
155,2021-10-13 10:04:58.789000,developer.exception-handling,10,145
156,2021-10-13 10:04:58.789000,developer.exception-handling,11,102
157,2021-10-13 10:04:58.789000,developer.exception-handling,12,176
158,2021-10-13 10:04:58.789000,developer.exception-handling,13,126
159,2021-10-13 10:04:58.789000,developer.exception-handling,14,134
160,2021-10-13 10:04:58.789000,developer.exception-handling,15,143
161,2021-10-13 10:04:58.789000,developer.exception-handling,16,176
162,2021-10-13 10:04:58.789000,developer.exception-handling,17,189
163,2021-10-13 10:04:58.789000,developer.exception-handling,18,135
164,2021-10-13 10:04:58.789000,developer.exception-handling,19,157
165,2021-10-31 22:44:06.034000,developer.exception-handling,10,142
166,2021-10-31 22:44:06.034000,developer.exception-handling,11,103
167,2021-10-31 22:44:06.034000,developer.exception-handling,12,168
168,2021-10-31 22:44:06.034000,developer.exception-handling,13,121
169,2021-10-31 22:44:06.034000,developer.exception-handling,14,129
170,2021-10-31 22:44:06.034000,developer.exception-handling,15,112
171,2021-10-31 22:44:06.034000,developer.exception-handling,16,132
172,2021-10-31 22:44:06.034000,developer.exception-handling,17,135
173,2021-10-31 22:44:06.034000,developer.exception-handling,18,191
174,2021-10-31 22:44:06.034000,developer.exception-handling,19,163
175,2021-10-31 22:44:06.034000,developer.exception-handling,20,101
176,2021-10-31 22:44:06.034000,developer.exception-handling,21,159
177,2021-10-31 22:44:06.034000,developer.exception-handling,22,100
178,2021-10-31 22:44:06.034000,developer.exception-handling,23,164
179,2021-10-31 22:44:06.034000,developer.exception-handling,24,115
180,2021-10-31 22:44:06.034000,developer.exception-handling,25,140
181,2021-10-31 22:44:06.034000,developer.exception-handling,26,172
182,2021-10-31 22:44:06.034000,developer.exception-handling,27,143
183,2021-09-28 08:45:08.342000,developer.exception-handling,10,183
184,2021-09-28 08:45:08.342000,developer.exception-handling,11,198
185,2021-09-28 08:45:08.342000,developer.exception-handling,12,107
186,2021-09-28 08:45:08.342000,developer.exception-handling,13,112
187,2021-09-28 08:45:08.342000,developer.exception-handling,14,110
188,2021-09-28 08:45:08.342000,developer.exception-handling,15,143
189,2021-09-28 08:45:08.342000,developer.exception-handling,16,112
190,2021-09-28 08:45:08.342000,developer.exception-handling,17,193
191,2021-09-28 08:45:08.342000,developer.exception-handling,18,146
192,2021-09-28 08:45:08.342000,developer.exception-handling,19,181
193,2021-09-28 08:45:08.342000,developer.exception-handling,20,176
194,2021-09-28 08:45:08.342000,developer.exception-handling,21,175
195,2021-09-28 08:45:08.342000,developer.exception-handling,22,182
196,2021-09-28 08:45:08.342000,developer.exception-handling,23,176
197,2021-09-28 08:45:08.342000,developer.exception-handling,24,178
198,2021-09-28 08:45:08.342000,developer.exception-handling,25,160
199,2021-09-28 08:45:08.342000,developer.exception-handling,26,105
200,2021-09-28 08:45:08.342000,developer.exception-handling,27,175
201,2021-09-28 08:45:08.342000,developer.exception-handling,28,127
202,2021-09-28 08:45:08.342000,developer.exception-handling,29,166
203,2021-09-28 08:45:08.342000,developer.exception-handling,30,125
204,2021-09-28 08:45:08.342000,developer.exception-handling,31,163
205,2021-09-28 08:45:08.342000,developer.exception-handling,32,183
206,2021-09-28 08:45:08.342000,developer.exception-handling,33,134
207,2021-09-28 08:45:08.342000,developer.exception-handling,34,100
208,2021-09-28 08:45:08.342000,developer.exception-handling,35,158
209,2021-09-28 08:45:08.342000,developer.exception-handling,36,118
210,2021-09-28 08:45:08.342000,developer.exception-handling,37,109
211,2021-09-28 08:45:08.342000,developer.exception-handling,38,166
212,2021-09-28 08:45:08.342000,developer.exception-handling,39,133
213,2021-09-28 08:45:08.342000,developer.exception-handling,40,199
214,2021-09-28 08:45:08.342000,developer.exception-handling,41,192
215,2021-10-18 23:25:28.766000,developer.exception-handling,10,195
216,2021-10-18 23:25:28.766000,developer.exception-handling,11,113
217,2021-10-18 23:25:28.766000,developer.exception-handling,12,181
218,2021-10-18 23:25:28.766000,developer.exception-handling,13,147
219,2021-10-18 23:25:28.766000,developer.exception-handling,14,121
220,2021-10-18 23:25:28.766000,developer.exception-handling,15,187
221,2021-10-18 23:25:28.766000,developer.exception-handling,16,148
222,2021-10-18 23:25:28.766000,developer.exception-handling,17,132
223,2021-10-18 23:25:28.766000,developer.exception-handling,18,156
224,2021-10-18 23:25:28.766000,developer.exception-handling,19,164
225,2021-10-18 23:25:28.766000,developer.exception-handling,20,170
226,2021-10-18 23:25:28.766000,developer.exception-handling,21,159
227,2021-10-18 23:25:28.766000,developer.exception-handling,22,144
228,2021-10-18 23:25:28.766000,developer.exception-handling,23,110
229,2021-10-18 23:25:28.766000,developer.exception-handling,24,175
230,2021-10-18 23:25:28.766000,developer.exception-handling,25,131
231,2021-10-18 23:25:28.766000,developer.exception-handling,26,188
232,2021-10-18 23:25:28.766000,developer.exception-handling,27,100
233,2021-10-18 23:25:28.766000,developer.exception-handling,28,183
234,2021-10-18 23:25:28.766000,developer.exception-handling,29,125
235,2021-10-18 23:25:28.766000,developer.exception-handling,30,125
236,2021-10-18 23:25:28.766000,developer.exception-handling,31,144
237,2021-10-18 23:25:28.766000,developer.exception-handling,32,139
238,2021-10-18 23:25:28.766000,developer.exception-handling,33,162
239,2021-10-18 23:25:28.766000,developer.exception-handling,34,186
240,2021-10-18 23:25:28.766000,developer.exception-handling,35,145
241,2021-10-18 23:25:28.766000,developer.exception-handling,36,162
242,2021-10-18 23:25:28.766000,developer.exception-handling,37,119
243,2021-10-18 23:25:28.766000,developer.exception-handling,38,166
244,2021-10-18 23:25:28.766000,developer.exception-handling,39,180
245,2021-10-18 23:25:28.766000,developer.exception-handling,40,147
246,2021-10-18 23:25:28.766000,developer.exception-handling,41,144
247,2021-10-18 23:25:28.766000,developer.exception-handling,42,142
248,2021-10-18 23:25:28.766000,developer.exception-handling,43,145
249,2021-10-18 23:25:28.766000,developer.exception-handling,44,162
250,2021-10-18 23:25:28.766000,developer.exception-handling,45,138
251,2021-10-18 23:25:28.766000,developer.exception-handling,46,151
252,2021-10-18 23:25:28.766000,developer.exception-handling,47,104
253,2021-10-18 23:25:28.766000,developer.exception-handling,48,166
254,2021-10-18 23:25:28.766000,developer.exception-handling,49,116
255,2021-11-02 07:03:34.861000,developer.exception-handling,10,170
256,2021-11-02 07:03:34.861000,developer.exception-handling,11,198
257,2021-11-02 07:03:34.861000,developer.exception-handling,12,144
258,2021-11-02 07:03:34.861000,developer.exception-handling,13,179
259,2021-11-02 07:03:34.861000,developer.exception-handling,14,197
260,2021-11-02 07:03:34.861000,developer.exception-handling,15,107
261,2021-11-02 07:03:34.861000,developer.exception-handling,16,130
262,2021-11-02 07:03:34.861000,developer.exception-handling,17,119
263,2021-11-02 07:03:34.861000,developer.exception-handling,18,105
264,2021-11-02 07:03:34.861000,developer.exception-handling,19,189
265,2021-11-02 07:03:34.861000,developer.exception-handling,20,169
266,2021-11-02 07:03:34.861000,developer.exception-handling,21,185
267,2021-11-02 07:03:34.861000,developer.exception-handling,22,122
268,2021-11-02 07:03:34.861000,developer.exception-handling,23,102
269,2021-11-02 07:03:34.861000,developer.exception-handling,24,109
270,2021-11-02 07:03:34.861000,developer.exception-handling,25,112
271,2021-11-02 07:03:34.861000,developer.exception-handling,26,189
272,2021-11-02 07:03:34.861000,developer.exception-handling,27,111
273,2021-11-02 07:03:34.861000,developer.exception-handling,28,159
274,2021-11-02 07:03:34.861000,developer.exception-handling,29,189
275,2021-11-02 07:03:34.861000,developer.exception-handling,30,197
276,2021-11-02 07:03:34.861000,developer.exception-handling,31,161
277,2021-11-02 07:03:34.861000,developer.exception-handling,32,198
278,2021-11-02 07:03:34.861000,developer.exception-handling,33,187
279,2021-11-02 07:03:34.861000,developer.exception-handling,34,122
280,2021-11-02 07:03:34.861000,developer.exception-handling,35,196
281,2021-11-02 07:03:34.861000,developer.exception-handling,36,122
282,2021-11-02 07:03:34.861000,developer.exception-handling,37,159
283,2021-11-02 07:03:34.861000,developer.exception-handling,38,117
284,2021-11-02 07:03:34.861000,developer.exception-handling,39,158
285,2021-11-02 07:03:34.861000,developer.exception-handling,40,187
286,2021-11-02 07:03:34.861000,developer.exception-handling,41,187
287,2021-11-02 07:03:34.861000,developer.exception-handling,42,163
288,2021-09-01 15:00:59.383000,developer.exception-handling,10,126
289,2021-09-01 15:00:59.383000,developer.exception-handling,11,158
290,2021-09-01 15:00:59.383000,developer.exception-handling,12,146
291,2021-09-01 15:00:59.383000,developer.exception-handling,13,169
292,2021-09-01 15:00:59.383000,developer.exception-handling,14,147
293,2021-09-01 15:00:59.383000,developer.exception-handling,15,103
294,2021-09-01 15:00:59.383000,developer.exception-handling,16,168
295,2021-09-01 15:00:59.383000,developer.exception-handling,17,156
296,2021-09-01 15:00:59.383000,developer.exception-handling,18,194
297,2021-09-01 15:00:59.383000,developer.exception-handling,19,131
298,2021-09-01 15:00:59.383000,developer.exception-handling,20,116
299,2021-09-01 15:00:59.383000,developer.exception-handling,21,191
300,2021-09-01 15:00:59.383000,developer.exception-handling,22,117
301,2021-09-01 15:00:59.383000,developer.exception-handling,23,190
302,2021-09-01 15:00:59.383000,developer.exception-handling,24,159
303,2021-09-01 15:00:59.383000,developer.exception-handling,25,134
304,2021-09-01 15:00:59.383000,developer.exception-handling,26,148
305,2021-09-01 15:00:59.383000,developer.exception-handling,27,177
306,2021-09-01 15:00:59.383000,developer.exception-handling,28,111
307,2021-09-01 15:00:59.383000,developer.exception-handling,29,111
308,2021-09-01 15:00:59.383000,developer.exception-handling,30,102
309,2021-09-01 15:00:59.383000,developer.exception-handling,31,189
310,2021-09-01 15:00:59.383000,developer.exception-handling,32,168
311,2021-09-01 15:00:59.383000,developer.exception-handling,33,178
312,2021-09-01 15:00:59.383000,developer.exception-handling,34,120
313,2021-09-01 15:00:59.383000,developer.exception-handling,35,163
314,2021-09-01 15:00:59.383000,developer.exception-handling,36,133
315,2021-09-01 15:00:59.383000,developer.exception-handling,37,141
316,2021-09-01 15:00:59.383000,developer.exception-handling,38,133
317,2021-09-01 15:00:59.383000,developer.exception-handling,39,140
318,2021-09-01 15:00:59.383000,developer.exception-handling,40,135
319,2021-09-03 10:10:08.430000,developer.exception-handling,10,169
320,2021-09-03 10:10:08.430000,developer.exception-handling,11,117
321,2021-09-03 10:10:08.430000,developer.exception-handling,12,150
322,2021-09-03 10:10:08.430000,developer.exception-handling,13,171
323,2021-09-03 10:10:08.430000,developer.exception-handling,14,131
324,2021-09-03 10:10:08.430000,developer.exception-handling,15,174
325,2021-09-03 10:10:08.430000,developer.exception-handling,16,148
326,2021-09-03 10:10:08.430000,developer.exception-handling,17,125
327,2021-09-03 10:10:08.430000,developer.exception-handling,18,194
328,2021-09-03 10:10:08.430000,developer.exception-handling,19,182
329,2021-09-03 10:10:08.430000,developer.exception-handling,20,146
330,2021-08-24 02:33:16.995000,server.loggin,10,152
331,2021-08-24 02:33:16.995000,server.loggin,11,100
332,2021-08-24 02:33:16.995000,server.loggin,12,158
333,2021-08-24 02:33:16.995000,server.loggin,13,195
334,2021-08-24 02:33:16.995000,server.loggin,14,122
335,2021-08-24 02:33:16.995000,server.loggin,15,128
336,2021-08-24 02:33:16.995000,server.loggin,16,109
337,2021-08-24 02:33:16.995000,server.loggin,17,114
338,2021-08-24 02:33:16.995000,server.loggin,18,127
339,2021-08-24 02:33:16.995000,server.loggin,19,197
340,2021-08-24 02:33:16.995000,server.loggin,20,174
341,2021-08-24 02:33:16.995000,server.loggin,21,126
342,2021-08-24 02:33:16.995000,server.loggin,22,126
343,2021-08-24 02:33:16.995000,server.loggin,23,184
344,2021-08-24 02:33:16.995000,server.loggin,24,147
345,2021-08-24 02:33:16.995000,server.loggin,25,116
346,2021-08-24 02:33:16.995000,server.loggin,26,150
347,2021-08-24 02:33:16.995000,server.loggin,27,138
348,2021-09-07 00:53:47.452000,server.loggin,10,109
349,2021-09-07 00:53:47.452000,server.loggin,11,117
350,2021-09-07 00:53:47.452000,server.loggin,12,170
351,2021-09-07 00:53:47.452000,server.loggin,13,126
352,2021-09-07 00:53:47.452000,server.loggin,14,137
353,2021-09-07 00:53:47.452000,server.loggin,15,120
354,2021-09-07 00:53:47.452000,server.loggin,16,113
355,2021-09-07 00:53:47.452000,server.loggin,17,172
356,2021-09-07 00:53:47.452000,server.loggin,18,189
357,2021-09-07 00:53:47.452000,server.loggin,19,130
358,2021-09-07 00:53:47.452000,server.loggin,20,158
359,2021-09-07 00:53:47.452000,server.loggin,21,173
360,2021-09-07 00:53:47.452000,server.loggin,22,145
361,2021-09-07 00:53:47.452000,server.loggin,23,189
362,2021-09-07 00:53:47.452000,server.loggin,24,148
363,2021-09-07 00:53:47.452000,server.loggin,25,111
364,2021-09-07 00:53:47.452000,server.loggin,26,188
365,2021-09-07 00:53:47.452000,server.loggin,27,172
366,2021-09-07 00:53:47.452000,server.loggin,28,148
367,2021-09-07 00:53:47.452000,server.loggin,29,106
368,2021-09-07 00:53:47.452000,server.loggin,30,109
369,2021-09-07 00:53:47.452000,server.loggin,31,172
370,2021-09-07 00:53:47.452000,server.loggin,32,120
371,2021-09-07 00:53:47.452000,server.loggin,33,106
372,2021-09-07 00:53:47.452000,server.loggin,34,189
373,2021-09-07 00:53:47.452000,server.loggin,35,175
374,2021-09-07 00:53:47.452000,server.loggin,36,125
375,2021-09-07 00:53:47.452000,server.loggin,37,189
376,2021-09-07 00:53:47.452000,server.loggin,38,160
377,2021-09-07 00:53:47.452000,server.loggin,39,192
378,2021-09-07 00:53:47.452000,server.loggin,40,152
379,2021-09-07 00:53:47.452000,server.loggin,41,170
380,2021-09-07 00:53:47.452000,server.loggin,42,150
381,2021-10-13 19:00:21.374000,server.loggin,10,111
382,2021-10-13 19:00:21.374000,server.loggin,11,179
383,2021-10-13 19:00:21.374000,server.loggin,12,103
384,2021-10-13 19:00:21.374000,server.loggin,13,172
385,2021-10-13 19:00:21.374000,server.loggin,14,165
386,2021-10-13 19:00:21.374000,server.loggin,15,181
387,2021-10-13 19:00:21.374000,server.loggin,16,130
388,2021-10-13 19:00:21.374000,server.loggin,17,107
389,2021-10-13 19:00:21.374000,server.loggin,18,184
390,2021-10-13 19:00:21.374000,server.loggin,19,137
391,2021-10-13 19:00:21.374000,server.loggin,20,172
392,2021-10-13 19:00:21.374000,server.loggin,21,175
393,2021-10-13 19:00:21.374000,server.loggin,22,182
394,2021-10-13 19:00:21.374000,server.loggin,23,195
395,2021-10-13 19:00:21.374000,server.loggin,24,168
396,2021-10-13 19:00:21.374000,server.loggin,25,167
397,2021-10-13 19:00:21.374000,server.loggin,26,158
398,2021-10-13 19:00:21.374000,server.loggin,27,191
399,2021-10-13 19:00:21.374000,server.loggin,28,113
400,2021-10-13 19:00:21.374000,server.loggin,29,179
401,2021-10-13 19:00:21.374000,server.loggin,30,158
402,2021-10-13 19:00:21.374000,server.loggin,31,147
403,2021-10-13 19:00:21.374000,server.loggin,32,185
404,2021-10-13 19:00:21.374000,server.loggin,33,160
405,2021-10-13 19:00:21.374000,server.loggin,34,101
406,2021-10-13 19:00:21.374000,server.loggin,35,175
407,2021-10-13 19:00:21.374000,server.loggin,36,149
408,2021-10-13 19:00:21.374000,server.loggin,37,173
409,2021-10-13 19:00:21.374000,server.loggin,38,173
410,2021-10-13 19:00:21.374000,server.loggin,39,189
411,2021-10-13 19:00:21.374000,server.loggin,40,138
412,2021-10-07 02:42:13.609000,server.loggin,10,165
413,2021-10-07 02:42:13.609000,server.loggin,11,167
414,2021-10-07 02:42:13.609000,server.loggin,12,129
415,2021-10-07 02:42:13.609000,server.loggin,13,124
416,2021-10-07 02:42:13.609000,server.loggin,14,111
417,2021-10-07 02:42:13.609000,server.loggin,15,186
418,2021-10-07 02:42:13.609000,server.loggin,16,179
419,2021-10-07 02:42:13.609000,server.loggin,17,138
420,2021-10-07 02:42:13.609000,server.loggin,18,123
421,2021-10-07 02:42:13.609000,server.loggin,19,189
422,2021-10-07 02:42:13.609000,server.loggin,20,132
423,2021-10-07 02:42:13.609000,server.loggin,21,170
424,2021-10-07 02:42:13.609000,server.loggin,22,197
425,2021-10-07 02:42:13.609000,server.loggin,23,147
426,2021-10-07 02:42:13.609000,server.loggin,24,142
427,2021-10-07 02:42:13.609000,server.loggin,25,100
428,2021-10-07 02:42:13.609000,server.loggin,26,105
429,2021-10-07 02:42:13.609000,server.loggin,27,114
430,2021-10-07 02:42:13.609000,server.loggin,28,192
431,2021-10-07 02:42:13.609000,server.loggin,29,112
432,2021-10-07 02:42:13.609000,server.loggin,30,138
433,2021-10-07 02:42:13.609000,server.loggin,31,172
434,2021-10-07 02:42:13.609000,server.loggin,32,108
435,2021-10-07 02:42:13.609000,server.loggin,33,150
436,2021-10-07 02:42:13.609000,server.loggin,34,132
437,2021-10-07 02:42:13.609000,server.loggin,35,121
438,2021-10-07 02:42:13.609000,server.loggin,36,166
439,2021-10-07 02:42:13.609000,server.loggin,37,174
440,2021-10-07 02:42:13.609000,server.loggin,38,140
441,2021-09-23 02:07:43.848000,server.loggin,10,186
442,2021-09-23 02:07:43.848000,server.loggin,11,141
443,2021-09-23 02:07:43.848000,server.loggin,12,183
444,2021-09-23 02:07:43.848000,server.loggin,13,183
445,2021-09-23 02:07:43.848000,server.loggin,14,176
446,2021-09-23 02:07:43.848000,server.loggin,15,155
447,2021-09-23 02:07:43.848000,server.loggin,16,177
448,2021-09-23 02:07:43.848000,server.loggin,17,159
449,2021-09-23 02:07:43.848000,server.loggin,18,123
450,2021-09-23 02:07:43.848000,server.loggin,19,131
451,2021-09-23 02:07:43.848000,server.loggin,20,160
452,2021-09-23 02:07:43.848000,server.loggin,21,183
453,2021-09-23 02:07:43.848000,server.loggin,22,114
454,2021-09-23 02:07:43.848000,server.loggin,23,107
455,2021-09-23 02:07:43.848000,server.loggin,24,190
456,2021-09-23 02:07:43.848000,server.loggin,25,104
457,2021-09-23 02:07:43.848000,server.loggin,26,161
458,2021-09-23 02:07:43.848000,server.loggin,27,116
459,2021-09-23 02:07:43.848000,server.loggin,28,155
460,2021-09-23 02:07:43.848000,server.loggin,29,177
461,2021-09-23 02:07:43.848000,server.loggin,30,182
462,2021-09-23 02:07:43.848000,server.loggin,31,105
463,2021-09-23 02:07:43.848000,server.loggin,32,189
464,2021-09-23 02:07:43.848000,server.loggin,33,107
465,2021-09-23 02:07:43.848000,server.loggin,34,195
466,2021-09-23 02:07:43.848000,server.loggin,35,164
467,2021-09-23 02:07:43.848000,server.loggin,36,145
468,2021-09-23 02:07:43.848000,server.loggin,37,177
469,2021-09-23 02:07:43.848000,server.loggin,38,195
470,2021-09-23 02:07:43.848000,server.loggin,39,158
471,2021-08-20 21:29:21.912000,server.loggin,10,142
472,2021-08-20 21:29:21.912000,server.loggin,11,109
473,2021-09-02 00:21:18.063000,server.loggin,10,162
474,2021-09-02 00:21:18.063000,server.loggin,11,159
475,2021-09-02 00:21:18.063000,server.loggin,12,194
476,2021-09-02 00:21:18.063000,server.loggin,13,140
477,2021-10-30 02:32:31.268000,server.loggin,10,139
478,2021-10-30 02:32:31.268000,server.loggin,11,152
479,2021-08-22 16:27:07.722000,server.loggin,10,170
480,2021-08-22 16:27:07.722000,server.loggin,11,102
481,2021-08-22 16:27:07.722000,server.loggin,12,158
482,2021-08-22 16:27:07.722000,server.loggin,13,160
483,2021-08-22 16:27:07.722000,server.loggin,14,187
484,2021-08-22 16:27:07.722000,server.loggin,15,147
485,2021-08-22 16:27:07.722000,server.loggin,16,142
486,2021-08-22 16:27:07.722000,server.loggin,17,186
487,2021-08-22 16:27:07.722000,server.loggin,18,155
488,2021-08-22 16:27:07.722000,server.loggin,19,128
489,2021-08-22 16:27:07.722000,server.loggin,20,139
490,2021-08-22 16:27:07.722000,server.loggin,21,167
491,2021-08-22 16:27:07.722000,server.loggin,22,114
492,2021-08-22 16:27:07.722000,server.loggin,23,105
493,2021-08-22 16:27:07.722000,server.loggin,24,145
494,2021-08-22 16:27:07.722000,server.loggin,25,118
495,2021-08-22 16:27:07.722000,server.loggin,26,151
496,2021-08-22 16:27:07.722000,server.loggin,27,193
497,2021-08-22 16:27:07.722000,server.loggin,28,148
498,2021-08-22 16:27:07.722000,server.loggin,29,143
499,2021-08-19 17:10:13.624000,server.loggin,10,108
500,2021-08-19 17:10:13.624000,server.loggin,11,196
501,2021-08-19 17:10:13.624000,server.loggin,12,169
502,2021-08-19 17:10:13.624000,server.loggin,13,195
503,2021-08-19 17:10:13.624000,server.loggin,14,182
504,2021-08-19 17:10:13.624000,server.loggin,15,119
505,2021-08-19 17:10:13.624000,server.loggin,16,126
506,2021-08-19 17:10:13.624000,server.loggin,17,104
507,2021-08-19 17:10:13.624000,server.loggin,18,177
508,2021-08-19 17:10:13.624000,server.loggin,19,168
509,2021-08-19 17:10:13.624000,server.loggin,20,116
510,2021-08-19 17:10:13.624000,server.loggin,21,159
511,2021-08-19 17:10:13.624000,server.loggin,22,169
512,2021-08-19 17:10:13.624000,server.loggin,23,125
513,2021-08-19 17:10:13.624000,server.loggin,24,119
514,2021-08-19 17:10:13.624000,server.loggin,25,144
515,2021-08-19 17:10:13.624000,server.loggin,26,104
516,2021-08-19 17:10:13.624000,server.loggin,27,187
517,2021-08-19 17:10:13.624000,server.loggin,28,107
518,2021-08-19 17:10:13.624000,server.loggin,29,173
519,2021-08-19 17:10:13.624000,server.loggin,30,135
520,2021-08-19 17:10:13.624000,server.loggin,31,101
521,2021-08-19 17:10:13.624000,server.loggin,32,146
522,2021-08-19 17:10:13.624000,server.loggin,33,109
523,2021-08-19 17:10:13.624000,server.loggin,34,170
524,2021-08-19 17:10:13.624000,server.loggin,35,193
525,2021-08-19 17:10:13.624000,server.loggin,36,181
526,2021-08-19 17:10:13.624000,server.loggin,37,154
527,2021-08-19 17:10:13.624000,server.loggin,38,116
528,2021-08-19 17:10:13.624000,server.loggin,39,128
529,2021-08-19 17:10:13.624000,server.loggin,40,178
530,2021-08-19 17:10:13.624000,server.loggin,41,169
531,2021-08-19 17:10:13.624000,server.loggin,42,172
532,2021-08-19 17:10:13.624000,server.loggin,43,183
533,2021-08-19 17:10:13.624000,server.loggin,44,119
534,2021-08-19 17:10:13.624000,server.loggin,45,178
535,2021-10-21 12:30:16.881000,server.loggin,10,189
536,2021-10-21 12:30:16.881000,server.loggin,11,110
537,2021-10-21 12:30:16.881000,server.loggin,12,124
538,2021-10-21 12:30:16.881000,server.loggin,13,172
539,2021-10-21 12:30:16.881000,server.loggin,14,116
540,2021-10-21 12:30:16.881000,server.loggin,15,140
541,2021-10-21 12:30:16.881000,server.loggin,16,176
542,2021-10-21 12:30:16.881000,server.loggin,17,160
543,2021-10-21 12:30:16.881000,server.loggin,18,100
544,2021-10-21 12:30:16.881000,server.loggin,19,153
545,2021-10-21 12:30:16.881000,server.loggin,20,141
546,2021-10-21 12:30:16.881000,server.loggin,21,170
547,2021-10-21 12:30:16.881000,server.loggin,22,128
548,2021-10-21 12:30:16.881000,server.loggin,23,168
549,2021-10-21 12:30:16.881000,server.loggin,24,189
550,2021-10-21 12:30:16.881000,server.loggin,25,193
551,2021-10-21 12:30:16.881000,server.loggin,26,196
552,2021-10-21 12:30:16.881000,server.loggin,27,177
553,2021-10-21 12:30:16.881000,server.loggin,28,174
554,2021-10-21 12:30:16.881000,server.loggin,29,105
555,2021-10-21 12:30:16.881000,server.loggin,30,115
556,2021-10-21 12:30:16.881000,server.loggin,31,161
557,2021-10-21 12:30:16.881000,server.loggin,32,192
558,2021-10-21 12:30:16.881000,server.loggin,33,150
559,2021-10-21 12:30:16.881000,server.loggin,34,157
560,2021-10-21 12:30:16.881000,server.loggin,35,117
561,2021-10-21 12:30:16.881000,server.loggin,36,169
562,2021-08-04 03:14:22.130000,server.loggin,10,107
563,2021-08-04 03:14:22.130000,server.loggin,11,165
564,2021-08-04 03:14:22.130000,server.loggin,12,180
565,2021-08-04 03:14:22.130000,server.loggin,13,115
566,2021-08-04 03:14:22.130000,server.loggin,14,120
567,2021-08-04 03:14:22.130000,server.loggin,15,102
568,2021-08-04 03:14:22.130000,server.loggin,16,148
569,2021-09-30 21:30:59.720000,server.loggin,10,172
570,2021-09-30 21:30:59.720000,server.loggin,11,185
571,2021-09-30 21:30:59.720000,server.loggin,12,102
572,2021-09-30 21:30:59.720000,server.loggin,13,165
573,2021-09-30 21:30:59.720000,server.loggin,14,129
574,2021-09-30 21:30:59.720000,server.loggin,15,150
575,2021-09-30 21:30:59.720000,server.loggin,16,132
576,2021-09-30 21:30:59.720000,server.loggin,17,134
577,2021-09-30 21:30:59.720000,server.loggin,18,181
578,2021-09-30 21:30:59.720000,server.loggin,19,103
579,2021-09-30 21:30:59.720000,server.loggin,20,104
580,2021-09-30 21:30:59.720000,server.loggin,21,110
581,2021-09-30 21:30:59.720000,server.loggin,22,172
582,2021-10-16 13:39:42.717000,server.loggin,10,187
583,2021-10-16 13:39:42.717000,server.loggin,11,131
584,2021-10-16 13:39:42.717000,server.loggin,12,114
585,2021-10-16 13:39:42.717000,server.loggin,13,133
586,2021-10-16 13:39:42.717000,server.loggin,14,114
587,2021-10-16 13:39:42.717000,server.loggin,15,177
588,2021-10-16 13:39:42.717000,server.loggin,16,129
589,2021-10-16 13:39:42.717000,server.loggin,17,146
590,2021-10-16 13:39:42.717000,server.loggin,18,166
591,2021-10-16 13:39:42.717000,server.loggin,19,138
592,2021-10-16 13:39:42.717000,server.loggin,20,178
593,2021-10-16 13:39:42.717000,server.loggin,21,126
594,2021-10-16 13:39:42.717000,server.loggin,22,198
595,2021-10-16 13:39:42.717000,server.loggin,23,154
596,2021-10-16 13:39:42.717000,server.loggin,24,170
597,2021-10-16 13:39:42.717000,server.loggin,25,192
598,2021-10-16 13:39:42.717000,server.loggin,26,158
599,2021-10-16 13:39:42.717000,server.loggin,27,135
600,2021-10-16 13:39:42.717000,server.loggin,28,151
601,2021-10-16 13:39:42.717000,server.loggin,29,190
602,2021-10-16 13:39:42.717000,server.loggin,30,106
603,2021-10-16 13:39:42.717000,server.loggin,31,144
604,2021-10-16 13:39:42.717000,server.loggin,32,163
605,2021-10-16 13:39:42.717000,server.loggin,33,168
606,2021-10-16 13:39:42.717000,server.loggin,34,142
607,2021-10-16 13:39:42.717000,server.loggin,35,145
608,2021-10-16 13:39:42.717000,server.loggin,36,178
609,2021-10-16 13:39:42.717000,server.loggin,37,145
610,2021-10-16 13:39:42.717000,server.loggin,38,144
611,2021-10-16 13:39:42.717000,server.loggin,39,151
612,2021-10-16 13:39:42.717000,server.loggin,40,126
613,2021-10-16 13:39:42.717000,server.loggin,41,129
614,2021-10-16 13:39:42.717000,server.loggin,42,179
615,2021-10-16 13:39:42.717000,server.loggin,43,148
616,2021-10-27 18:04:09.031000,system.error,10,147
617,2021-10-27 18:04:09.031000,system.error,11,163
618,2021-10-27 18:04:09.031000,system.error,12,130
619,2021-10-27 18:04:09.031000,system.error,13,121
620,2021-10-23 12:43:47.540000,system.error,10,199
621,2021-10-23 12:43:47.540000,system.error,11,170
622,2021-09-12 22:34:47.769000,system.error,10,137
623,2021-09-12 22:34:47.769000,system.error,11,151
624,2021-09-12 22:34:47.769000,system.error,12,130
625,2021-09-12 22:34:47.769000,system.error,13,187
626,2021-09-12 22:34:47.769000,system.error,14,181
627,2021-09-12 22:34:47.769000,system.error,15,141
628,2021-09-12 22:34:47.769000,system.error,16,164
629,2021-09-12 22:34:47.769000,system.error,17,160
630,2021-09-12 22:34:47.769000,system.error,18,194
631,2021-09-12 22:34:47.769000,system.error,19,189
632,2021-09-12 22:34:47.769000,system.error,20,109
633,2021-09-12 22:34:47.769000,system.error,21,109
634,2021-09-12 22:34:47.769000,system.error,22,126
635,2021-09-12 22:34:47.769000,system.error,23,143
636,2021-09-12 22:34:47.769000,system.error,24,165
637,2021-09-12 22:34:47.769000,system.error,25,199
638,2021-09-12 22:34:47.769000,system.error,26,156
639,2021-09-12 22:34:47.769000,system.error,27,188
640,2021-09-12 22:34:47.769000,system.error,28,125
641,2021-09-12 22:34:47.769000,system.error,29,153
642,2021-07-19 12:55:27.427000,system.error,10,113
643,2021-07-19 12:55:27.427000,system.error,11,163
644,2021-07-19 12:55:27.427000,system.error,12,150
645,2021-07-19 12:55:27.427000,system.error,13,159
646,2021-07-19 12:55:27.427000,system.error,14,125
647,2021-07-19 12:55:27.427000,system.error,15,169
648,2021-07-19 12:55:27.427000,system.error,16,187
649,2021-07-19 12:55:27.427000,system.error,17,187
650,2021-07-19 12:55:27.427000,system.error,18,104
651,2021-07-19 12:55:27.427000,system.error,19,145
652,2021-07-19 12:55:27.427000,system.error,20,148
653,2021-07-19 12:55:27.427000,system.error,21,167
654,2021-07-19 12:55:27.427000,system.error,22,189
655,2021-07-19 12:55:27.427000,system.error,23,199
656,2021-07-19 12:55:27.427000,system.error,24,195
657,2021-07-19 12:55:27.427000,system.error,25,178
658,2021-07-19 12:55:27.427000,system.error,26,118
659,2021-07-19 12:55:27.427000,system.error,27,118
660,2021-07-19 12:55:27.427000,system.error,28,162
661,2021-07-19 12:55:27.427000,system.error,29,167
662,2021-07-19 12:55:27.427000,system.error,30,175
663,2021-07-19 12:55:27.427000,system.error,31,133
664,2021-07-19 12:55:27.427000,system.error,32,147
665,2021-07-19 12:55:27.427000,system.error,33,114
666,2021-07-19 12:55:27.427000,system.error,34,154
667,2021-07-19 12:55:27.427000,system.error,35,167
668,2021-07-19 12:55:27.427000,system.error,36,197
669,2021-07-19 12:55:27.427000,system.error,37,165
670,2021-07-19 12:55:27.427000,system.error,38,120
671,2021-07-19 12:55:27.427000,system.error,39,176
672,2021-07-19 12:55:27.427000,system.error,40,110
673,2021-09-01 17:03:33.835000,system.error,10,186
674,2021-09-01 17:03:33.835000,system.error,11,135
675,2021-09-01 17:03:33.835000,system.error,12,188
676,2021-09-01 17:03:33.835000,system.error,13,175
677,2021-09-01 17:03:33.835000,system.error,14,100
678,2021-09-01 17:03:33.835000,system.error,15,118
679,2021-09-01 17:03:33.835000,system.error,16,121
680,2021-09-01 17:03:33.835000,system.error,17,173
681,2021-09-01 17:03:33.835000,system.error,18,134
682,2021-09-01 17:03:33.835000,system.error,19,147
683,2021-09-01 17:03:33.835000,system.error,20,185
684,2021-09-01 17:03:33.835000,system.error,21,147
685,2021-09-01 17:03:33.835000,system.error,22,100
686,2021-09-01 17:03:33.835000,system.error,23,183
687,2021-09-01 17:03:33.835000,system.error,24,132
688,2021-09-01 17:03:33.835000,system.error,25,132
689,2021-09-01 17:03:33.835000,system.error,26,154
690,2021-09-01 17:03:33.835000,system.error,27,145
691,2021-09-01 17:03:33.835000,system.error,28,195
692,2021-09-01 17:03:33.835000,system.error,29,175
693,2021-09-01 17:03:33.835000,system.error,30,147
694,2021-09-01 17:03:33.835000,system.error,31,191
695,2021-09-01 17:03:33.835000,system.error,32,199
696,2021-09-01 17:03:33.835000,system.error,33,102
697,2021-09-01 17:03:33.835000,system.error,34,122
698,2021-09-01 17:03:33.835000,system.error,35,152
699,2021-09-20 05:38:11.021000,system.error,10,136
700,2021-09-20 05:38:11.021000,system.error,11,120
701,2021-09-20 05:38:11.021000,system.error,12,164
702,2021-09-20 05:38:11.021000,system.error,13,149
703,2021-09-20 05:38:11.021000,system.error,14,163
704,2021-09-20 05:38:11.021000,system.error,15,178
705,2021-09-20 05:38:11.021000,system.error,16,136
706,2021-09-20 05:38:11.021000,system.error,17,183
707,2021-09-20 05:38:11.021000,system.error,18,183
708,2021-09-20 05:38:11.021000,system.error,19,150
709,2021-09-20 05:38:11.021000,system.error,20,178
710,2021-09-20 05:38:11.021000,system.error,21,152
711,2021-09-20 05:38:11.021000,system.error,22,174
712,2021-09-20 05:38:11.021000,system.error,23,100
713,2021-09-20 05:38:11.021000,system.error,24,103
714,2021-09-20 05:38:11.021000,system.error,25,110
715,2021-09-20 05:38:11.021000,system.error,26,111
716,2021-09-20 05:38:11.021000,system.error,27,144
717,2021-09-20 05:38:11.021000,system.error,28,138
718,2021-09-23 20:18:08.040000,system.error,10,112
719,2021-09-23 20:18:08.040000,system.error,11,112
720,2021-09-23 20:18:08.040000,system.error,12,159
721,2021-09-23 20:18:08.040000,system.error,13,112
722,2021-09-23 20:18:08.040000,system.error,14,199
723,2021-09-23 20:18:08.040000,system.error,15,180
724,2021-09-23 20:18:08.040000,system.error,16,128
725,2021-09-23 20:18:08.040000,system.error,17,199
726,2021-09-23 20:18:08.040000,system.error,18,105
727,2021-08-18 23:39:15.533000,system.error,10,151
728,2021-08-18 23:39:15.533000,system.error,11,139
729,2021-09-10 06:53:46.865000,system.error,10,170
730,2021-09-10 06:53:46.865000,system.error,11,158
731,2021-09-10 06:53:46.865000,system.error,12,197
732,2021-09-10 06:53:46.865000,system.error,13,186
733,2021-09-10 06:53:46.865000,system.error,14,130
734,2021-09-10 06:53:46.865000,system.error,15,175
735,2021-09-10 06:53:46.865000,system.error,16,125
736,2021-09-10 06:53:46.865000,system.error,17,160
737,2021-09-10 06:53:46.865000,system.error,18,151
738,2021-09-10 06:53:46.865000,system.error,19,146
739,2021-09-10 06:53:46.865000,system.error,20,137
740,2021-09-10 06:53:46.865000,system.error,21,130
741,2021-09-10 06:53:46.865000,system.error,22,183
742,2021-09-10 06:53:46.865000,system.error,23,165
743,2021-07-19 10:45:54.539000,system.error,10,118
744,2021-07-19 10:45:54.539000,system.error,11,189
745,2021-07-19 10:45:54.539000,system.error,12,142
746,2021-07-19 10:45:54.539000,system.error,13,149
747,2021-07-19 10:45:54.539000,system.error,14,102
748,2021-07-19 10:45:54.539000,system.error,15,103
749,2021-07-19 10:45:54.539000,system.error,16,135
750,2021-10-10 05:14:25.728000,system.error,10,130
751,2021-10-10 05:14:25.728000,system.error,11,169
752,2021-10-10 05:14:25.728000,system.error,12,155
753,2021-10-10 05:14:25.728000,system.error,13,128
754,2021-10-10 05:14:25.728000,system.error,14,188
755,2021-10-10 05:14:25.728000,system.error,15,162
756,2021-10-10 05:14:25.728000,system.error,16,125
757,2021-10-10 05:14:25.728000,system.error,17,103
758,2021-10-10 05:14:25.728000,system.error,18,148
759,2021-10-10 05:14:25.728000,system.error,19,114
760,2021-10-10 05:14:25.728000,system.error,20,197
761,2021-08-06 20:38:54.266000,system.error,10,192
762,2021-08-06 20:38:54.266000,system.error,11,196
763,2021-08-06 20:38:54.266000,system.error,12,148
764,2021-08-06 20:38:54.266000,system.error,13,149
765,2021-08-06 20:38:54.266000,system.error,14,196
766,2021-08-06 20:38:54.266000,system.error,15,121
767,2021-08-06 20:38:54.266000,system.error,16,113
768,2021-08-06 20:38:54.266000,system.error,17,195
769,2021-08-06 20:38:54.266000,system.error,18,150
770,2021-08-06 20:38:54.266000,system.error,19,163
771,2021-08-06 20:38:54.266000,system.error,20,156
772,2021-08-06 20:38:54.266000,system.error,21,144
773,2021-08-06 20:38:54.266000,system.error,22,136
774,2021-08-06 20:38:54.266000,system.error,23,130
775,2021-08-06 20:38:54.266000,system.error,24,116
776,2021-08-06 20:38:54.266000,system.error,25,169
777,2021-08-06 20:38:54.266000,system.error,26,157
778,2021-08-06 20:38:54.266000,system.error,27,129
779,2021-08-06 20:38:54.266000,system.error,28,193
780,2021-08-06 20:38:54.266000,system.error,29,160
781,2021-08-06 20:38:54.266000,system.error,30,101
782,2021-08-06 20:38:54.266000,system.error,31,137
783,2021-07-22 18:34:14.648000,system.error,10,120
784,2021-07-22 18:34:14.648000,system.error,11,185
785,2021-07-22 18:34:14.648000,system.error,12,151
786,2021-07-22 18:34:14.648000,system.error,13,120
787,2021-07-22 18:34:14.648000,system.error,14,192
788,2021-07-22 18:34:14.648000,system.error,15,106
789,2021-07-22 18:34:14.648000,system.error,16,175
790,2021-07-22 18:34:14.648000,system.error,17,143
791,2021-07-22 18:34:14.648000,system.error,18,166
792,2021-07-22 18:34:14.648000,system.error,19,128
793,2021-07-22 18:34:14.648000,system.error,20,192
794,2021-07-22 18:34:14.648000,system.error,21,193
795,2021-07-22 18:34:14.648000,system.error,22,195
796,2021-07-22 18:34:14.648000,system.error,23,112
797,2021-07-22 18:34:14.648000,system.error,24,138
798,2021-07-22 18:34:14.648000,system.error,25,139
799,2021-07-22 18:34:14.648000,system.error,26,161
800,2021-07-22 18:34:14.648000,system.error,27,191
801,2021-07-22 18:34:14.648000,system.error,28,169
802,2021-07-22 18:34:14.648000,system.error,29,150
803,2021-07-22 18:34:14.648000,system.error,30,115
804,2021-07-22 18:34:14.648000,system.error,31,199
805,2021-07-22 18:34:14.648000,system.error,32,182
806,2021-08-24 18:38:16.075000,system.error,10,199
807,2021-08-24 18:38:16.075000,system.error,11,177
808,2021-08-24 18:38:16.075000,system.error,12,162
809,2021-08-24 18:38:16.075000,system.error,13,164
810,2021-07-29 13:04:14.406000,system.error,10,174
811,2021-07-29 13:04:14.406000,system.error,11,123
812,2021-07-29 13:04:14.406000,system.error,12,120
813,2021-07-29 13:04:14.406000,system.error,13,147
814,2021-07-29 13:04:14.406000,system.error,14,108
815,2021-07-29 13:04:14.406000,system.error,15,180
816,2021-07-29 13:04:14.406000,system.error,16,142
817,2021-07-29 13:04:14.406000,system.error,17,189
818,2021-07-29 13:04:14.406000,system.error,18,118
819,2021-07-29 13:04:14.406000,system.error,19,171
820,2021-07-29 13:04:14.406000,system.error,20,123
821,2021-07-29 13:04:14.406000,system.error,21,142
822,2021-07-29 13:04:14.406000,system.error,22,171
823,2021-07-29 13:04:14.406000,system.error,23,159
824,2021-07-29 13:04:14.406000,system.error,24,113
825,2021-07-29 13:04:14.406000,system.error,25,176
826,2021-07-29 13:04:14.406000,system.error,26,168
827,2021-07-29 13:04:14.406000,system.error,27,181
828,2021-07-29 13:04:14.406000,system.error,28,186
829,2021-07-29 13:04:14.406000,system.error,29,188
830,2021-07-29 13:04:14.406000,system.error,30,130
831,2021-07-29 13:04:14.406000,system.error,31,101
832,2021-07-29 13:04:14.406000,system.error,32,133
833,2021-07-29 13:04:14.406000,system.error,33,168
834,2021-07-29 13:04:14.406000,system.error,34,153
835,2021-07-29 13:04:14.406000,system.error,35,188
836,2021-07-29 13:04:14.406000,system.error,36,167
837,2021-07-29 13:04:14.406000,system.error,37,110
838,2021-07-29 09:09:13.636000,system.error,10,185
839,2021-07-29 09:09:13.636000,system.error,11,174
840,2021-07-29 09:09:13.636000,system.error,12,143
841,2021-07-29 09:09:13.636000,system.error,13,152
842,2021-07-29 09:09:13.636000,system.error,14,185
843,2021-07-29 09:09:13.636000,system.error,15,140
844,2021-07-29 09:09:13.636000,system.error,16,197
845,2021-07-29 09:09:13.636000,system.error,17,158
846,2021-07-29 09:09:13.636000,system.error,18,199
847,2021-07-29 09:09:13.636000,system.error,19,124
848,2021-07-29 09:09:13.636000,system.error,20,182
849,2021-07-29 09:09:13.636000,system.error,21,188
850,2021-07-29 09:09:13.636000,system.error,22,135
851,2021-07-29 09:09:13.636000,system.error,23,124
852,2021-09-13 13:19:21.366000,system.error,10,119
853,2021-09-13 13:19:21.366000,system.error,11,180
854,2021-09-13 13:19:21.366000,system.error,12,161
855,2021-09-13 13:19:21.366000,system.error,13,119
856,2021-09-13 13:19:21.366000,system.error,14,139
857,2021-09-13 13:19:21.366000,system.error,15,151
858,2021-09-13 13:19:21.366000,system.error,16,129
859,2021-09-13 13:19:21.366000,system.error,17,110
860,2021-09-13 13:19:21.366000,system.error,18,108
861,2021-09-13 13:19:21.366000,system.error,19,172
862,2021-09-13 13:19:21.366000,system.error,20,194
863,2021-09-13 13:19:21.366000,system.error,21,174
864,2021-09-13 13:19:21.366000,system.error,22,122
865,2021-09-13 13:19:21.366000,system.error,23,192
866,2021-09-13 13:19:21.366000,system.error,24,118
867,2021-09-13 13:19:21.366000,system.error,25,163
868,2021-09-13 13:19:21.366000,system.error,26,171
869,2021-09-13 13:19:21.366000,system.error,27,191
870,2021-09-13 13:19:21.366000,system.error,28,163
871,2021-09-13 13:19:21.366000,system.error,29,171
872,2021-09-13 13:19:21.366000,system.error,30,179
873,2021-09-13 13:19:21.366000,system.error,31,195
874,2021-09-13 13:19:21.366000,system.error,32,116
875,2021-09-13 13:19:21.366000,system.error,33,114
876,2021-09-13 13:19:21.366000,system.error,34,195
877,2021-09-13 13:19:21.366000,system.error,35,119
878,2021-09-13 13:19:21.366000,system.error,36,102
879,2021-09-13 13:19:21.366000,system.error,37,124
880,2021-09-13 13:19:21.366000,system.error,38,163
881,2021-09-13 13:19:21.366000,system.error,39,124
882,2021-09-13 13:19:21.366000,system.error,40,165
883,2021-11-03 12:30:40.123000,system.warn,10,169
884,2021-10-13 09:27:49.173000,system.info,10,140
885,2021-10-13 09:27:49.173000,system.info,11,100
886,2021-10-13 09:27:49.173000,system.info,12,155
887,2021-10-13 09:27:49.173000,system.info,13,175
888,2021-10-13 09:27:49.173000,system.info,14,135
889,2021-10-13 09:27:49.173000,system.info,15,149
890,2021-10-13 09:27:49.173000,system.info,16,197
891,2021-10-13 09:27:49.173000,system.info,17,108
892,2021-10-13 09:27:49.173000,system.info,18,195
893,2021-10-13 09:27:49.173000,system.info,19,148
894,2021-10-13 09:27:49.173000,system.info,20,189
895,2021-10-13 09:27:49.173000,system.info,21,102
896,2021-10-13 09:27:49.173000,system.info,22,131
897,2021-10-13 09:27:49.173000,system.info,23,117
898,2021-10-13 09:27:49.173000,system.info,24,183
899,2021-10-13 09:27:49.173000,system.info,25,134
900,2021-10-13 09:27:49.173000,system.info,26,122
901,2021-10-13 09:27:49.173000,system.info,27,132
902,2021-10-13 09:27:49.173000,system.info,28,199
903,2021-07-23 16:38:01.899000,system.warn,10,165
904,2021-07-23 16:38:01.899000,system.warn,11,193
905,2021-07-23 16:38:01.899000,system.warn,12,121
906,2021-07-23 16:38:01.899000,system.warn,13,170
907,2021-07-23 16:38:01.899000,system.warn,14,186
908,2021-07-23 16:38:01.899000,system.warn,15,128
909,2021-07-23 16:38:01.899000,system.warn,16,129
910,2021-07-23 16:38:01.899000,system.warn,17,100
911,2021-07-23 16:38:01.899000,system.warn,18,116
912,2021-07-23 16:38:01.899000,system.warn,19,137
913,2021-07-23 16:38:01.899000,system.warn,20,107
914,2021-07-23 16:38:01.899000,system.warn,21,126
915,2021-07-23 16:38:01.899000,system.warn,22,188
916,2021-07-23 16:38:01.899000,system.warn,23,168
917,2021-07-23 16:38:01.899000,system.warn,24,148
918,2021-07-23 16:38:01.899000,system.warn,25,175
919,2021-07-23 16:38:01.899000,system.warn,26,172
920,2021-07-23 16:38:01.899000,system.warn,27,173
921,2021-07-23 16:38:01.899000,system.warn,28,167
922,2021-07-23 16:38:01.899000,system.warn,29,195
923,2021-07-23 16:38:01.899000,system.warn,30,100
924,2021-07-23 16:38:01.899000,system.warn,31,176
925,2021-07-23 16:38:01.899000,system.warn,32,169
926,2021-07-23 16:38:01.899000,system.warn,33,109
927,2021-07-23 16:38:01.899000,system.warn,34,121
928,2021-07-23 16:38:01.899000,system.warn,35,170
929,2021-07-23 16:38:01.899000,system.warn,36,113
930,2021-07-23 16:38:01.899000,system.warn,37,117
931,2021-07-23 16:38:01.899000,system.warn,38,197
932,2021-09-09 22:39:27.465000,system.info,10,144
933,2021-09-09 22:39:27.465000,system.info,11,166
934,2021-09-09 22:39:27.465000,system.info,12,128
935,2021-09-09 22:39:27.465000,system.info,13,165
936,2021-09-09 22:39:27.465000,system.info,14,192
937,2021-09-09 22:39:27.465000,system.info,15,159
938,2021-09-09 22:39:27.465000,system.info,16,167
939,2021-09-09 22:39:27.465000,system.info,17,143
940,2021-09-09 22:39:27.465000,system.info,18,133
941,2021-09-09 22:39:27.465000,system.info,19,134
942,2021-09-09 22:39:27.465000,system.info,20,191
943,2021-09-09 22:39:27.465000,system.info,21,131
944,2021-09-09 22:39:27.465000,system.info,22,129
945,2021-09-09 22:39:27.465000,system.info,23,169
946,2021-09-09 22:39:27.465000,system.info,24,127
947,2021-09-09 22:39:27.465000,system.info,25,104
948,2021-09-09 22:39:27.465000,system.info,26,189
949,2021-09-09 22:39:27.465000,system.info,27,123
950,2021-09-09 22:39:27.465000,system.info,28,111
951,2021-09-09 22:39:27.465000,system.info,29,173
952,2021-09-09 22:39:27.465000,system.info,30,153
953,2021-09-09 22:39:27.465000,system.info,31,189
954,2021-09-09 22:39:27.465000,system.info,32,184
955,2021-09-09 22:39:27.465000,system.info,33,141
956,2021-09-09 22:39:27.465000,system.info,34,199
957,2021-09-09 22:39:27.465000,system.info,35,149
958,2021-09-09 22:39:27.465000,system.info,36,196
959,2021-09-09 22:39:27.465000,system.info,37,125
960,2021-09-09 22:39:27.465000,system.info,38,165
961,2021-09-09 22:39:27.465000,system.info,39,140
962,2021-09-09 22:39:27.465000,system.info,40,104
963,2021-09-09 22:39:27.465000,system.info,41,150
964,2021-09-09 22:39:27.465000,system.info,42,116
965,2021-09-09 22:39:27.465000,system.info,43,112
966,2021-09-09 22:39:27.465000,system.info,44,109
967,2021-09-09 22:39:27.465000,system.info,45,175
968,2021-09-09 22:39:27.465000,system.info,46,174
969,2021-09-09 22:39:27.465000,system.info,47,169
970,2021-08-09 00:09:17.518000,system.info,10,145
971,2021-08-09 00:09:17.518000,system.info,11,159
972,2021-08-09 00:09:17.518000,system.info,12,170
973,2021-08-09 00:09:17.518000,system.info,13,169
974,2021-08-09 00:09:17.518000,system.info,14,113
975,2021-08-09 00:09:17.518000,system.info,15,172
976,2021-08-09 00:09:17.518000,system.info,16,115
977,2021-08-09 00:09:17.518000,system.info,17,188
978,2021-08-09 00:09:17.518000,system.info,18,195
979,2021-08-09 00:09:17.518000,system.info,19,123
980,2021-08-09 00:09:17.518000,system.info,20,191
981,2021-08-09 00:09:17.518000,system.info,21,148
982,2021-08-09 00:09:17.518000,system.info,22,182
983,2021-08-09 00:09:17.518000,system.info,23,152
984,2021-08-09 00:09:17.518000,system.info,24,110
985,2021-08-09 00:09:17.518000,system.info,25,191
986,2021-08-09 00:09:17.518000,system.info,26,192
987,2021-08-09 00:09:17.518000,system.info,27,157
988,2021-08-09 00:09:17.518000,system.info,28,106
989,2021-08-09 00:09:17.518000,system.info,29,167
990,2021-08-09 00:09:17.518000,system.info,30,189
991,2021-08-09 00:09:17.518000,system.info,31,194
992,2021-08-09 00:09:17.518000,system.info,32,121
993,2021-08-09 00:09:17.518000,system.info,33,154
994,2021-08-09 00:09:17.518000,system.info,34,189
995,2021-08-09 00:09:17.518000,system.info,35,183
996,2021-08-09 00:09:17.518000,system.info,36,105
997,2021-08-09 00:09:17.518000,system.info,37,181
998,2021-08-09 00:09:17.518000,system.info,38,112
999,2021-08-09 00:09:17.518000,system.info,39,151
1000,2021-08-09 00:09:17.518000,system.info,40,153
1001,2021-08-09 00:09:17.518000,system.info,41,199
1002,2021-08-09 00:09:17.518000,system.info,42,184
1003,2021-08-09 00:09:17.518000,system.info,43,196
1004,2021-10-07 02:47:48.222000,system.warn,10,141
1005,2021-10-07 02:47:48.222000,system.warn,11,179
1006,2021-10-07 02:47:48.222000,system.warn,12,142
1007,2021-10-07 02:47:48.222000,system.warn,13,133
1008,2021-10-07 02:47:48.222000,system.warn,14,194
1009,2021-10-07 02:47:48.222000,system.warn,15,152
1010,2021-10-07 02:47:48.222000,system.warn,16,187
1011,2021-10-07 02:47:48.222000,system.warn,17,148
1012,2021-10-07 02:47:48.222000,system.warn,18,150
1013,2021-10-07 02:47:48.222000,system.warn,19,138
1014,2021-10-07 02:47:48.222000,system.warn,20,150
1015,2021-10-07 02:47:48.222000,system.warn,21,168
1016,2021-10-07 02:47:48.222000,system.warn,22,178
1017,2021-10-07 02:47:48.222000,system.warn,23,158
1018,2021-10-07 02:47:48.222000,system.warn,24,153
1019,2021-10-07 02:47:48.222000,system.warn,25,143
1020,2021-10-07 02:47:48.222000,system.warn,26,113
1021,2021-07-22 12:21:16.757000,system.warn,10,176
1022,2021-07-22 12:21:16.757000,system.warn,11,144
1023,2021-07-22 12:21:16.757000,system.warn,12,108
1024,2021-07-22 12:21:16.757000,system.warn,13,110
1025,2021-07-22 12:21:16.757000,system.warn,14,145
1026,2021-07-22 12:21:16.757000,system.warn,15,135
1027,2021-07-22 12:21:16.757000,system.warn,16,195
1028,2021-07-24 00:03:33.709000,system.info,10,173
1029,2021-07-24 00:03:33.709000,system.info,11,179
1030,2021-07-24 00:03:33.709000,system.info,12,165
1031,2021-07-24 00:03:33.709000,system.info,13,172
1032,2021-07-24 00:03:33.709000,system.info,14,192
1033,2021-07-24 00:03:33.709000,system.info,15,103
1034,2021-07-24 00:03:33.709000,system.info,16,126
1035,2021-07-24 00:03:33.709000,system.info,17,150
1036,2021-07-24 00:03:33.709000,system.info,18,101
1037,2021-07-24 00:03:33.709000,system.info,19,151
1038,2021-07-24 00:03:33.709000,system.info,20,139
1039,2021-07-24 00:03:33.709000,system.info,21,120
1040,2021-07-24 00:03:33.709000,system.info,22,122
1041,2021-07-24 00:03:33.709000,system.info,23,182
1042,2021-07-24 00:03:33.709000,system.info,24,180
1043,2021-07-24 00:03:33.709000,system.info,25,125
1044,2021-07-24 00:03:33.709000,system.info,26,157
1045,2021-07-24 00:03:33.709000,system.info,27,195
1046,2021-07-24 00:03:33.709000,system.info,28,151
1047,2021-07-24 00:03:33.709000,system.info,29,165
1048,2021-07-24 00:03:33.709000,system.info,30,102
1049,2021-09-08 09:27:10.919000,system.warn,10,184
1050,2021-09-08 09:27:10.919000,system.warn,11,133
1051,2021-09-08 09:27:10.919000,system.warn,12,125
1052,2021-09-08 09:27:10.919000,system.warn,13,197
1053,2021-09-08 09:27:10.919000,system.warn,14,158
1054,2021-09-08 09:27:10.919000,system.warn,15,132
1055,2021-09-08 09:27:10.919000,system.warn,16,187
1056,2021-09-08 09:27:10.919000,system.warn,17,165
1057,2021-09-08 09:27:10.919000,system.warn,18,194
1058,2021-09-25 23:01:54.247000,system.info,10,119
1059,2021-09-25 23:01:54.247000,system.info,11,140
1060,2021-09-25 23:01:54.247000,system.info,12,167
1061,2021-09-25 23:01:54.247000,system.info,13,123
1062,2021-09-16 03:41:48.312000,system.warn,10,104
1063,2021-09-16 03:41:48.312000,system.warn,11,196
1064,2021-09-16 03:41:48.312000,system.warn,12,168
1065,2021-09-16 03:41:48.312000,system.warn,13,166
1066,2021-09-16 03:41:48.312000,system.warn,14,189
1067,2021-09-16 03:41:48.312000,system.warn,15,160
1068,2021-09-16 03:41:48.312000,system.warn,16,171
1069,2021-09-16 03:41:48.312000,system.warn,17,199
1070,2021-09-16 03:41:48.312000,system.warn,18,138
1071,2021-09-16 03:41:48.312000,system.warn,19,182
1072,2021-09-16 03:41:48.312000,system.warn,20,158
1073,2021-09-16 03:41:48.312000,system.warn,21,136
1074,2021-09-16 03:41:48.312000,system.warn,22,133
1075,2021-09-16 03:41:48.312000,system.warn,23,197
1076,2021-09-16 03:41:48.312000,system.warn,24,132
1077,2021-09-16 03:41:48.312000,system.warn,25,172
1078,2021-09-16 03:41:48.312000,system.warn,26,104
1079,2021-09-16 03:41:48.312000,system.warn,27,176
1080,2021-09-16 03:41:48.312000,system.warn,28,176
1081,2021-09-16 03:41:48.312000,system.warn,29,108
1082,2021-09-16 03:41:48.312000,system.warn,30,183
1083,2021-09-16 03:41:48.312000,system.warn,31,112
1084,2021-09-16 03:41:48.312000,system.warn,32,181
1085,2021-09-16 03:41:48.312000,system.warn,33,170
1086,2021-09-16 03:41:48.312000,system.warn,34,176
1087,2021-09-16 03:41:48.312000,system.warn,35,123
1088,2021-09-16 03:41:48.312000,system.warn,36,198
1089,2021-09-16 03:41:48.312000,system.warn,37,199
1090,2021-09-16 03:41:48.312000,system.warn,38,172
1091,2021-07-19 11:56:17.078000,system.info,10,167
1092,2021-07-19 11:56:17.078000,system.info,11,188
1093,2021-07-19 11:56:17.078000,system.info,12,156
1094,2021-07-19 11:56:17.078000,system.info,13,166
1095,2021-07-19 11:56:17.078000,system.info,14,165
1096,2021-07-19 11:56:17.078000,system.info,15,166
1097,2021-07-19 11:56:17.078000,system.info,16,114
1098,2021-07-19 11:56:17.078000,system.info,17,147
1099,2021-07-19 11:56:17.078000,system.info,18,170
1100,2021-07-19 11:56:17.078000,system.info,19,160
1101,2021-07-19 11:56:17.078000,system.info,20,133
1102,2021-07-19 11:56:17.078000,system.info,21,183
1103,2021-07-19 11:56:17.078000,system.info,22,123
1104,2021-07-19 11:56:17.078000,system.info,23,189
1105,2021-07-19 11:56:17.078000,system.info,24,109
1106,2021-07-19 11:56:17.078000,system.info,25,176
1107,2021-07-19 11:56:17.078000,system.info,26,154
1108,2021-07-19 11:56:17.078000,system.info,27,170
1109,2021-07-19 11:56:17.078000,system.info,28,130
1110,2021-07-19 11:56:17.078000,system.info,29,114
1111,2021-07-19 11:56:17.078000,system.info,30,148
1112,2021-07-19 11:56:17.078000,system.info,31,101
1113,2021-07-19 11:56:17.078000,system.info,32,151
1114,2021-07-19 11:56:17.078000,system.info,33,132
1115,2021-07-19 11:56:17.078000,system.info,34,183
1116,2021-07-19 11:56:17.078000,system.info,35,109
1117,2021-07-19 11:56:17.078000,system.info,36,145
1118,2021-07-19 11:56:17.078000,system.info,37,145
1119,2021-07-19 11:56:17.078000,system.info,38,172
1120,2021-07-19 11:56:17.078000,system.info,39,106
1121,2021-07-19 11:56:17.078000,system.info,40,107
1122,2021-07-19 11:56:17.078000,system.info,41,164
1123,2021-07-19 11:56:17.078000,system.info,42,187
1124,2021-07-19 11:56:17.078000,system.info,43,138
1125,2021-07-19 11:56:17.078000,system.info,44,132
1126,2021-07-19 11:56:17.078000,system.info,45,171
1127,2021-07-19 11:56:17.078000,system.info,46,126
1128,2021-09-07 20:53:24.513000,system.warn,10,185
1129,2021-09-07 20:53:24.513000,system.warn,11,119
1130,2021-09-07 20:53:24.513000,system.warn,12,151
1131,2021-09-07 20:53:24.513000,system.warn,13,181
1132,2021-09-07 20:53:24.513000,system.warn,14,162
1133,2021-09-28 06:13:49.313000,system.info,10,165
1134,2021-09-28 06:13:49.313000,system.info,11,181
1135,2021-09-28 06:13:49.313000,system.info,12,169
1136,2021-09-28 06:13:49.313000,system.info,13,147
1137,2021-09-28 06:13:49.313000,system.info,14,169
1138,2021-09-28 06:13:49.313000,system.info,15,100
1139,2021-09-28 06:13:49.313000,system.info,16,180
1140,2021-09-28 06:13:49.313000,system.info,17,162
1141,2021-09-28 06:13:49.313000,system.info,18,102
1142,2021-09-28 06:13:49.313000,system.info,19,168
1143,2021-09-28 06:13:49.313000,system.info,20,138
1144,2021-09-28 06:13:49.313000,system.info,21,129
1145,2021-09-28 06:13:49.313000,system.info,22,145
1146,2021-09-28 06:13:49.313000,system.info,23,150
1147,2021-09-28 06:13:49.313000,system.info,24,128
1148,2021-09-28 06:13:49.313000,system.info,25,126
1149,2021-09-28 06:13:49.313000,system.info,26,158
1150,2021-11-03 20:28:00.599000,system.warn,10,174
1151,2021-11-03 20:28:00.599000,system.warn,11,174
1152,2021-11-03 20:28:00.599000,system.warn,12,133
1153,2021-11-03 20:28:00.599000,system.warn,13,108
1154,2021-11-03 20:28:00.599000,system.warn,14,159
1155,2021-11-03 20:28:00.599000,system.warn,15,145
1156,2021-11-03 20:28:00.599000,system.warn,16,179
1157,2021-11-03 20:28:00.599000,system.warn,17,142
1158,2021-11-03 20:28:00.599000,system.warn,18,144
1159,2021-11-03 20:28:00.599000,system.warn,19,127
1160,2021-11-03 20:28:00.599000,system.warn,20,164
1161,2021-11-03 20:28:00.599000,system.warn,21,150
1162,2021-11-03 20:28:00.599000,system.warn,22,147
1163,2021-11-03 20:28:00.599000,system.warn,23,145
1164,2021-11-03 20:28:00.599000,system.warn,24,173
1165,2021-11-03 20:28:00.599000,system.warn,25,170
1166,2021-11-03 20:28:00.599000,system.warn,26,113
1167,2021-11-03 20:28:00.599000,system.warn,27,134
1168,2021-11-03 20:28:00.599000,system.warn,28,169
1169,2021-11-03 20:28:00.599000,system.warn,29,171
1170,2021-11-03 20:28:00.599000,system.warn,30,135
1171,2021-11-03 20:28:00.599000,system.warn,31,124
1172,2021-11-03 20:28:00.599000,system.warn,32,167
1173,2021-11-03 20:28:00.599000,system.warn,33,138
1174,2021-11-03 20:28:00.599000,system.warn,34,160
1175,2021-11-03 20:28:00.599000,system.warn,35,196
1176,2021-11-03 20:28:00.599000,system.warn,36,122
1177,2021-11-03 20:28:00.599000,system.warn,37,159
1178,2021-11-03 20:28:00.599000,system.warn,38,122
1179,2021-11-03 20:28:00.599000,system.warn,39,159
1180,2021-11-03 20:28:00.599000,system.warn,40,156
1181,2021-11-03 20:28:00.599000,system.warn,41,170
1182,2021-11-03 20:28:00.599000,system.warn,42,193
1183,2021-11-03 20:28:00.599000,system.warn,43,153
1184,2021-10-18 16:37:00.382000,system.info,10,196
1185,2021-10-18 16:37:00.382000,system.info,11,177
1186,2021-10-18 16:37:00.382000,system.info,12,142
1187,2021-10-18 16:37:00.382000,system.info,13,153
1188,2021-10-18 16:37:00.382000,system.info,14,155
1189,2021-10-18 16:37:00.382000,system.info,15,164
1190,2021-10-18 16:37:00.382000,system.info,16,159
1191,2021-10-18 16:37:00.382000,system.info,17,176
1192,2021-10-18 16:37:00.382000,system.info,18,178
1193,2021-10-18 16:37:00.382000,system.info,19,139
1194,2021-10-18 16:37:00.382000,system.info,20,193
1195,2021-10-18 16:37:00.382000,system.info,21,139
1196,2021-10-18 16:37:00.382000,system.info,22,162
1197,2021-10-18 16:37:00.382000,system.info,23,156
1198,2021-10-18 16:37:00.382000,system.info,24,185
1199,2021-10-18 16:37:00.382000,system.info,25,149
1200,2021-10-18 16:37:00.382000,system.info,26,174
1201,2021-10-18 16:37:00.382000,system.info,27,156
1202,2021-10-18 16:37:00.382000,system.info,28,145
1203,2021-10-18 16:37:00.382000,system.info,29,122
1204,2021-10-18 16:37:00.382000,system.info,30,153
1205,2021-10-18 16:37:00.382000,system.info,31,122
1206,2021-10-18 16:37:00.382000,system.info,32,115
1207,2021-10-18 16:37:00.382000,system.info,33,123
1208,2021-10-18 16:37:00.382000,system.info,34,128
1209,2021-10-18 16:37:00.382000,system.info,35,128
1210,2021-10-18 16:37:00.382000,system.info,36,135
1211,2021-10-18 16:37:00.382000,system.info,37,175
1212,2021-10-18 16:37:00.382000,system.info,38,171
1213,2021-10-18 16:37:00.382000,system.info,39,144
1214,2021-10-18 16:37:00.382000,system.info,40,177
1215,2021-10-18 16:37:00.382000,system.info,41,136
1216,2021-10-18 16:37:00.382000,system.info,42,107
1217,2021-10-18 16:37:00.382000,system.info,43,101
1218,2021-10-18 16:37:00.382000,system.info,44,157
1219,2021-10-18 16:37:00.382000,system.info,45,102
1220,2021-10-18 16:37:00.382000,system.info,46,175
1221,2021-10-18 16:37:00.382000,system.info,47,169
1222,2021-10-18 16:37:00.382000,system.info,48,170
1223,2021-10-18 16:37:00.382000,system.info,49,176
1224,2021-09-19 19:18:06.364000,system.warn,10,161
1225,2021-09-19 19:18:06.364000,system.warn,11,156
1226,2021-09-19 19:18:06.364000,system.warn,12,149
1227,2021-09-19 19:18:06.364000,system.warn,13,165
1228,2021-09-19 19:18:06.364000,system.warn,14,108
1229,2021-10-21 14:25:55.443000,system.info,10,144
1230,2021-10-21 14:25:55.443000,system.info,11,189
1231,2021-10-21 14:25:55.443000,system.info,12,140
1232,2021-10-21 14:25:55.443000,system.info,13,166
1233,2021-10-21 14:25:55.443000,system.info,14,180
1234,2021-10-21 14:25:55.443000,system.info,15,167
1235,2021-10-21 14:25:55.443000,system.info,16,169
1236,2021-10-21 14:25:55.443000,system.info,17,167
1237,2021-10-21 14:25:55.443000,system.info,18,133
1238,2021-10-21 14:25:55.443000,system.info,19,137
1239,2021-10-21 14:25:55.443000,system.info,20,181
1240,2021-10-21 14:25:55.443000,system.info,21,123
1241,2021-10-21 14:25:55.443000,system.info,22,124
1242,2021-10-21 14:25:55.443000,system.info,23,107
1243,2021-10-21 14:25:55.443000,system.info,24,155
1244,2021-10-21 14:25:55.443000,system.info,25,191
1245,2021-10-21 14:25:55.443000,system.info,26,128
1246,2021-10-21 14:25:55.443000,system.info,27,199
1247,2021-10-21 14:25:55.443000,system.info,28,160
1248,2021-10-21 14:25:55.443000,system.info,29,143
1249,2021-10-21 14:25:55.443000,system.info,30,165
1250,2021-10-21 14:25:55.443000,system.info,31,112
1251,2021-10-21 14:25:55.443000,system.info,32,111
1252,2021-10-21 14:25:55.443000,system.info,33,125
1253,2021-10-19 16:56:45.999000,system.warn,10,116
1254,2021-10-19 16:56:45.999000,system.warn,11,132
1255,2021-10-19 16:56:45.999000,system.warn,12,167
1256,2021-10-19 16:56:45.999000,system.warn,13,152
1257,2021-10-19 16:56:45.999000,system.warn,14,166
1258,2021-10-19 16:56:45.999000,system.warn,15,174
1259,2021-10-19 16:56:45.999000,system.warn,16,199
1260,2021-10-19 16:56:45.999000,system.warn,17,197
1261,2021-10-19 16:56:45.999000,system.warn,18,132
1262,2021-10-19 16:56:45.999000,system.warn,19,181
1263,2021-10-19 16:56:45.999000,system.warn,20,144
1264,2021-10-19 16:56:45.999000,system.warn,21,161
1265,2021-10-19 16:56:45.999000,system.warn,22,109
1266,2021-10-19 16:56:45.999000,system.warn,23,190
1267,2021-10-19 16:56:45.999000,system.warn,24,152
1268,2021-10-19 16:56:45.999000,system.warn,25,124
1269,2021-10-19 16:56:45.999000,system.warn,26,108
1270,2021-10-08 17:48:16.347000,system.info,10,106
1271,2021-10-08 17:48:16.347000,system.info,11,110
1272,2021-10-08 17:48:16.347000,system.info,12,136
1273,2021-10-08 17:48:16.347000,system.info,13,109
1274,2021-10-14 14:52:37.787000,system.warn,10,129
1275,2021-10-14 14:52:37.787000,system.warn,11,132
1276,2021-10-14 14:52:37.787000,system.warn,12,192
1277,2021-10-14 14:52:37.787000,system.warn,13,148
1278,2021-10-14 14:52:37.787000,system.warn,14,101
1279,2021-10-14 14:52:37.787000,system.warn,15,122
1280,2021-10-14 14:52:37.787000,system.warn,16,141
1281,2021-10-14 14:52:37.787000,system.warn,17,130
1282,2021-10-14 14:52:37.787000,system.warn,18,185
1283,2021-10-14 14:52:37.787000,system.warn,19,193
1284,2021-10-14 14:52:37.787000,system.warn,20,154
1285,2021-10-14 14:52:37.787000,system.warn,21,150
1286,2021-10-14 14:52:37.787000,system.warn,22,117
1287,2021-10-14 14:52:37.787000,system.warn,23,108
1288,2021-09-10 08:44:54.958000,system.info,10,117
1289,2021-09-10 08:44:54.958000,system.info,11,139
1290,2021-09-10 08:44:54.958000,system.info,12,180
1291,2021-09-10 08:44:54.958000,system.info,13,156
1292,2021-09-10 08:44:54.958000,system.info,14,121
1293,2021-09-10 08:44:54.958000,system.info,15,161
1294,2021-09-10 08:44:54.958000,system.info,16,192
1295,2021-09-10 08:44:54.958000,system.info,17,159
1296,2021-09-10 08:44:54.958000,system.info,18,146
1297,2021-09-10 08:44:54.958000,system.info,19,148
1298,2021-09-10 08:44:54.958000,system.info,20,103
1299,2021-09-10 08:44:54.958000,system.info,21,102
1300,2021-09-10 08:44:54.958000,system.info,22,148
1301,2021-09-10 08:44:54.958000,system.info,23,171
1302,2021-09-10 08:44:54.958000,system.info,24,163
1303,2021-09-10 08:44:54.958000,system.info,25,155
1304,2021-09-10 08:44:54.958000,system.info,26,111
1305,2021-09-10 08:44:54.958000,system.info,27,187
1306,2021-09-10 08:44:54.958000,system.info,28,160
1307,2021-09-10 08:44:54.958000,system.info,29,162
1308,2021-09-10 08:44:54.958000,system.info,30,158
1309,2021-09-10 08:44:54.958000,system.info,31,126
1310,2021-09-10 08:44:54.958000,system.info,32,163
1311,2021-09-10 08:44:54.958000,system.info,33,143
1312,2021-09-10 08:44:54.958000,system.info,34,130
1313,2021-09-10 08:44:54.958000,system.info,35,130
1314,2021-09-10 08:44:54.958000,system.info,36,193
1315,2021-09-10 08:44:54.958000,system.info,37,118
1316,2021-09-10 08:44:54.958000,system.info,38,149
1317,2021-09-10 08:44:54.958000,system.info,39,111
1318,2021-09-10 08:44:54.958000,system.info,40,131
1319,2021-09-10 08:44:54.958000,system.info,41,174
1320,2021-09-10 08:44:54.958000,system.info,42,121
1321,2021-09-10 08:44:54.958000,system.info,43,143
1322,2021-09-10 08:44:54.958000,system.info,44,104
1323,2021-09-10 08:44:54.958000,system.info,45,134
1324,2021-09-10 08:44:54.958000,system.info,46,150
1325,2021-09-10 08:44:54.958000,system.info,47,170
1326,2021-09-10 08:44:54.958000,system.info,48,158
1327,2021-10-02 00:06:16.613000,system.warn,10,199
1328,2021-10-02 00:06:16.613000,system.warn,11,120
1329,2021-10-02 00:06:16.613000,system.warn,12,184
1330,2021-10-02 00:06:16.613000,system.warn,13,125
1331,2021-10-02 00:06:16.613000,system.warn,14,151
1332,2021-10-02 00:06:16.613000,system.warn,15,144
1333,2021-10-02 00:06:16.613000,system.warn,16,104
1334,2021-10-02 00:06:16.613000,system.warn,17,167
1335,2021-10-02 00:06:16.613000,system.warn,18,133
1336,2021-10-02 00:06:16.613000,system.warn,19,131
1337,2021-10-02 00:06:16.613000,system.warn,20,108
1338,2021-10-02 00:06:16.613000,system.warn,21,179
1339,2021-10-02 00:06:16.613000,system.warn,22,188
1340,2021-09-01 21:58:16.098000,system.info,10,168
1341,2021-09-01 21:58:16.098000,system.info,11,179
1342,2021-09-01 21:58:16.098000,system.info,12,147
1343,2021-09-01 21:58:16.098000,system.info,13,156
1344,2021-09-01 21:58:16.098000,system.info,14,136
1345,2021-09-01 21:58:16.098000,system.info,15,139
1346,2021-09-01 21:58:16.098000,system.info,16,171
1347,2021-09-01 21:58:16.098000,system.info,17,118
1348,2021-09-15 18:21:46.527000,system.warn,10,144
1349,2021-09-15 18:21:46.527000,system.warn,11,149
1350,2021-09-15 18:21:46.527000,system.warn,12,139
1351,2021-09-15 18:21:46.527000,system.warn,13,147
1352,2021-09-15 18:21:46.527000,system.warn,14,171
1353,2021-09-15 18:21:46.527000,system.warn,15,146
1354,2021-09-15 18:21:46.527000,system.warn,16,146
1355,2021-09-15 18:21:46.527000,system.warn,17,177
1356,2021-09-15 18:21:46.527000,system.warn,18,187
1357,2021-09-15 18:21:46.527000,system.warn,19,119
1358,2021-09-15 18:21:46.527000,system.warn,20,122
1359,2021-09-15 18:21:46.527000,system.warn,21,158
1360,2021-09-15 18:21:46.527000,system.warn,22,118
1361,2021-09-15 18:21:46.527000,system.warn,23,147
1362,2021-09-15 18:21:46.527000,system.warn,24,167
1363,2021-09-15 18:21:46.527000,system.warn,25,169
1364,2021-09-15 18:21:46.527000,system.warn,26,107
1365,2021-09-15 18:21:46.527000,system.warn,27,126
1366,2021-09-15 18:21:46.527000,system.warn,28,161
1367,2021-09-15 18:21:46.527000,system.warn,29,152
1368,2021-09-15 18:21:46.527000,system.warn,30,105
1369,2021-09-15 18:21:46.527000,system.warn,31,125
1370,2021-09-15 18:21:46.527000,system.warn,32,146
1371,2021-09-07 20:03:04.789000,system.info,10,159
1372,2021-09-07 20:03:04.789000,system.info,11,110
1373,2021-09-07 20:03:04.789000,system.info,12,197
1374,2021-09-07 20:03:04.789000,system.info,13,173
1375,2021-09-07 20:03:04.789000,system.info,14,129
1376,2021-09-07 20:03:04.789000,system.info,15,127
1377,2021-09-07 20:03:04.789000,system.info,16,141
1378,2021-09-07 20:03:04.789000,system.info,17,119
1379,2021-09-07 20:03:04.789000,system.info,18,134
1380,2021-09-07 20:03:04.789000,system.info,19,157
1381,2021-09-07 20:03:04.789000,system.info,20,168
1382,2021-09-07 20:03:04.789000,system.info,21,160
1383,2021-09-07 20:03:04.789000,system.info,22,112
1384,2021-09-07 20:03:04.789000,system.info,23,110
1385,2021-09-07 20:03:04.789000,system.info,24,149
1386,2021-09-07 20:03:04.789000,system.info,25,129
1387,2021-09-07 20:03:04.789000,system.info,26,177
1388,2021-09-07 20:03:04.789000,system.info,27,132
1389,2021-09-07 20:03:04.789000,system.info,28,133
1390,2021-09-07 20:03:04.789000,system.info,29,124
1391,2021-09-07 20:03:04.789000,system.info,30,106
1392,2021-09-07 20:03:04.789000,system.info,31,191
1393,2021-09-07 20:03:04.789000,system.info,32,114
1394,2021-09-07 20:03:04.789000,system.info,33,122
1395,2021-09-07 20:03:04.789000,system.info,34,145
1396,2021-09-12 06:01:21.186000,system.warn,10,192
1397,2021-09-12 06:01:21.186000,system.warn,11,121
1398,2021-09-12 06:01:21.186000,system.warn,12,184
1399,2021-09-12 06:01:21.186000,system.warn,13,192
1400,2021-09-12 06:01:21.186000,system.warn,14,176
1401,2021-09-12 06:01:21.186000,system.warn,15,120
1402,2021-09-12 06:01:21.186000,system.warn,16,198
1403,2021-09-12 06:01:21.186000,system.warn,17,159
1404,2021-09-12 06:01:21.186000,system.warn,18,124
1405,2021-09-12 06:01:21.186000,system.warn,19,163
1406,2021-09-12 06:01:21.186000,system.warn,20,148
1407,2021-09-12 06:01:21.186000,system.warn,21,142
1408,2021-09-12 06:01:21.186000,system.warn,22,137
1409,2021-09-12 06:01:21.186000,system.warn,23,113
1410,2021-09-12 06:01:21.186000,system.warn,24,111
1411,2021-09-12 06:01:21.186000,system.warn,25,160
1412,2021-09-12 06:01:21.186000,system.warn,26,179
1413,2021-09-12 06:01:21.186000,system.warn,27,139
1414,2021-09-12 06:01:21.186000,system.warn,28,157
1415,2021-09-12 06:01:21.186000,system.warn,29,148
1416,2021-09-12 06:01:21.186000,system.warn,30,114
1417,2021-09-12 06:01:21.186000,system.warn,31,161
1418,2021-09-12 06:01:21.186000,system.warn,32,119
1419,2021-09-12 06:01:21.186000,system.warn,33,153
1420,2021-09-12 06:01:21.186000,system.warn,34,193
1421,2021-09-12 06:01:21.186000,system.warn,35,136
1422,2021-09-12 06:01:21.186000,system.warn,36,193
1423,2021-09-12 06:01:21.186000,system.warn,37,188
1424,2021-09-12 06:01:21.186000,system.warn,38,195
1425,2021-09-12 06:01:21.186000,system.warn,39,147
1426,2021-09-12 06:01:21.186000,system.warn,40,135
1427,2021-09-12 06:01:21.186000,system.warn,41,181
1428,2021-08-09 16:28:06.829000,system.warn,10,149
1429,2021-08-09 16:28:06.829000,system.warn,11,125
1430,2021-08-09 16:28:06.829000,system.warn,12,142
1431,2021-08-09 16:28:06.829000,system.warn,13,105
1432,2021-08-09 16:28:06.829000,system.warn,14,109
1433,2021-08-09 16:28:06.829000,system.warn,15,178
1434,2021-08-09 16:28:06.829000,system.warn,16,157
1435,2021-08-09 16:28:06.829000,system.warn,17,159
1436,2021-08-09 16:28:06.829000,system.warn,18,139
1437,2021-08-09 16:28:06.829000,system.warn,19,169
1438,2021-08-09 16:28:06.829000,system.warn,20,193
1439,2021-08-09 16:28:06.829000,system.warn,21,134
1440,2021-08-09 16:28:06.829000,system.warn,22,135
1441,2021-08-09 16:28:06.829000,system.warn,23,130
1442,2021-08-09 16:28:06.829000,system.warn,24,113
1443,2021-08-09 16:28:06.829000,system.warn,25,106
1444,2021-08-09 16:28:06.829000,system.warn,26,177
1445,2021-08-09 16:28:06.829000,system.warn,27,123
1446,2021-08-09 16:28:06.829000,system.warn,28,121
1447,2021-08-09 16:28:06.829000,system.warn,29,142
1448,2021-08-09 16:28:06.829000,system.warn,30,143
1449,2021-08-09 16:28:06.829000,system.warn,31,138
1450,2021-08-09 16:28:06.829000,system.warn,32,140
1451,2021-08-09 16:28:06.829000,system.warn,33,183
1452,2021-08-09 16:28:06.829000,system.warn,34,118
1453,2021-08-09 16:28:06.829000,system.warn,35,169
1454,2021-08-09 16:28:06.829000,system.warn,36,108
1455,2021-08-09 16:28:06.829000,system.warn,37,111
1456,2021-08-09 16:28:06.829000,system.warn,38,133
1457,2021-08-31 04:27:10.360000,system.info,10,126
1458,2021-08-31 04:27:10.360000,system.info,11,144
1459,2021-08-31 04:27:10.360000,system.info,12,115
1460,2021-08-31 04:27:10.360000,system.info,13,104
1461,2021-08-31 04:27:10.360000,system.info,14,179
1462,2021-08-31 04:27:10.360000,system.info,15,106
1463,2021-08-31 04:27:10.360000,system.info,16,134
1464,2021-08-31 04:27:10.360000,system.info,17,142
1465,2021-08-31 04:27:10.360000,system.info,18,117
1466,2021-08-31 04:27:10.360000,system.info,19,108
1467,2021-08-31 04:27:10.360000,system.info,20,197
1468,2021-08-31 04:27:10.360000,system.info,21,146
1469,2021-08-31 04:27:10.360000,system.info,22,161
1470,2021-08-31 04:27:10.360000,system.info,23,115
1471,2021-08-31 04:27:10.360000,system.info,24,187
1472,2021-08-31 04:27:10.360000,system.info,25,129
1473,2021-08-31 04:27:10.360000,system.info,26,127
1474,2021-08-31 04:27:10.360000,system.info,27,181
1475,2021-08-31 04:27:10.360000,system.info,28,151
1476,2021-08-31 04:27:10.360000,system.info,29,112
1477,2021-08-31 04:27:10.360000,system.info,30,123
1478,2021-08-31 04:27:10.360000,system.info,31,173
1479,2021-08-31 04:27:10.360000,system.info,32,152
1480,2021-08-31 04:27:10.360000,system.info,33,107
1481,2021-10-23 14:33:12.390000,system.warn,10,153
1482,2021-10-23 14:33:12.390000,system.warn,11,158
1483,2021-10-23 14:33:12.390000,system.warn,12,138
1484,2021-10-23 14:33:12.390000,system.warn,13,142
1485,2021-10-23 14:33:12.390000,system.warn,14,189
1486,2021-10-23 14:33:12.390000,system.warn,15,138
1487,2021-10-23 14:33:12.390000,system.warn,16,126
1488,2021-10-23 14:33:12.390000,system.warn,17,109
1489,2021-10-23 14:33:12.390000,system.warn,18,163
1490,2021-10-23 14:33:12.390000,system.warn,19,146
1491,2021-10-23 14:33:12.390000,system.warn,20,122
1492,2021-10-23 14:33:12.390000,system.warn,21,140
1493,2021-10-23 14:33:12.390000,system.warn,22,186
1494,2021-10-23 14:33:12.390000,system.warn,23,161
1495,2021-10-23 14:33:12.390000,system.warn,24,174
1496,2021-10-23 14:33:12.390000,system.warn,25,143
1497,2021-10-23 14:33:12.390000,system.warn,26,195
1498,2021-10-23 14:33:12.390000,system.warn,27,135
1499,2021-10-23 14:33:12.390000,system.warn,28,110
